{
  "Cursor Color" : {
    "Red Component" : 0.7011425495147705,
    "Color Space" : "Calibrated",
    "Blue Component" : 0.7646691203117371,
    "Alpha Component" : 1,
    "Green Component" : 0.7223969697952271
  },
  "Tags" : [

  ],
  "Ansi 12 Color" : {
    "Red Component" : 0.5191918015480042,
    "Color Space" : "Calibrated",
    "Blue Component" : 0.5994791388511658,
    "Alpha Component" : 1,
    "Green Component" : 0.5429117679595947
  },
  "Ansi 0 Color" : {
    "Red Component" : 0.110048308968544,
    "Color Space" : "Calibrated",
    "Blue Component" : 0.11004688590765,
    "Alpha Component" : 1,
    "Green Component" : 0.110045000910759
  },
  "Ansi 1 Color" : {
    "Red Component" : 0.8026160001754761,
    "Color Space" : "Calibrated",
    "Blue Component" : 0.2805259823799133,
    "Alpha Component" : 1,
    "Green Component" : 0.2805259823799133
  },
  "Bold Color" : {
    "Red Component" : 0.7011425495147705,
    "Color Space" : "Calibrated",
    "Blue Component" : 0.7646691203117371,
    "Alpha Component" : 1,
    "Green Component" : 0.7223969697952271
  },
  "Normal Font" : "Hack-Regular 12",
  "Ansi 2 Color" : {
    "Red Component" : 0.5117394924163818,
    "Color Space" : "Calibrated",
    "Blue Component" : 0.3781068027019501,
    "Alpha Component" : 1,
    "Green Component" : 0.711450457572937
  },
  "Ansi 3 Color" : {
    "Red Component" : 0.8980392217636108,
    "Color Space" : "Calibrated",
    "Blue Component" : 0.4745098054409027,
    "Alpha Component" : 1,
    "Green Component" : 0.7568627595901489
  },
  "Rows" : 25,
  "Default Bookmark" : "No",
  "Ansi 4 Color" : {
    "Red Component" : 0.3753731548786163,
    "Color Space" : "Calibrated",
    "Blue Component" : 0.7923374176025391,
    "Alpha Component" : 1,
    "Green Component" : 0.5847170948982239
  },
  "Cursor Guide Color" : {
    "Red Component" : 0.6499999761581421,
    "Color Space" : "Calibrated",
    "Blue Component" : 1,
    "Alpha Component" : 0.25,
    "Green Component" : 0.9100000262260437
  },
  "Non-ASCII Anti Aliased" : true,
  "Use Bright Bold" : true,
  "Ansi 10 Color" : {
    "Red Component" : 0.1543499678373337,
    "Color Space" : "Calibrated",
    "Blue Component" : 0.2117788046598434,
    "Alpha Component" : 1,
    "Green Component" : 0.181648463010788
  },
  "Ambiguous Double Width" : false,
  "Jobs to Ignore" : [
    "rlogin",
    "ssh",
    "slogin",
    "telnet"
  ],
  "Ansi 15 Color" : {
    "Red Component" : 0.921704888343811,
    "Color Space" : "Calibrated",
    "Blue Component" : 0.9506608843803406,
    "Alpha Component" : 1,
    "Green Component" : 0.9307186007499695
  },
  "Foreground Color" : {
    "Red Component" : 0.7011425495147705,
    "Color Space" : "Calibrated",
    "Blue Component" : 0.7646691203117371,
    "Alpha Component" : 1,
    "Green Component" : 0.7223969697952271
  },
  "Working Directory" : "\/Users\/david",
  "Blinking Cursor" : true,
  "Disable Window Resizing" : true,
  "Sync Title" : false,
  "Prompt Before Closing 2" : false,
  "BM Growl" : true,
  "Command" : "",
  "Description" : "Default",
  "Mouse Reporting" : true,
  "Screen" : -1,
  "Selection Color" : {
    "Red Component" : 0.286530464887619,
    "Color Space" : "Calibrated",
    "Blue Component" : 0.38623046875,
    "Alpha Component" : 1,
    "Green Component" : 0.3376286625862122
  },
  "Columns" : 80,
  "Idle Code" : 0,
  "Ansi 13 Color" : {
    "Red Component" : 0.8448044657707214,
    "Color Space" : "Calibrated",
    "Blue Component" : 0.8875342011451721,
    "Alpha Component" : 1,
    "Green Component" : 0.8531525135040283
  },
  "Custom Command" : "No",
  "ASCII Anti Aliased" : true,
  "Non Ascii Font" : "Hack-Regular 12",
  "Vertical Spacing" : 1.15490281438253,
  "Use Bold Font" : true,
  "Option Key Sends" : 0,
  "Selected Text Color" : {
    "Red Component" : 0.4215293824672699,
    "Color Space" : "Calibrated",
    "Blue Component" : 0.4632649719715118,
    "Alpha Component" : 1,
    "Green Component" : 0.4376185238361359
  },
  "Background Color" : {
    "Red Component" : 0.1089738756418228,
    "Color Space" : "Calibrated",
    "Blue Component" : 0.1089724451303482,
    "Alpha Component" : 1,
    "Green Component" : 0.1089706122875214
  },
  "Character Encoding" : 4,
  "Ansi 11 Color" : {
    "Red Component" : 0.5331785082817078,
    "Color Space" : "Calibrated",
    "Blue Component" : 0.718701183795929,
    "Alpha Component" : 1,
    "Green Component" : 0.6282625198364258
  },
  "Use Italic Font" : true,
  "Unlimited Scrollback" : true,
  "Keyboard Map" : {
    "0xf700-0x260000" : {
      "Action" : 10,
      "Text" : "[1;6A"
    },
    "0x37-0x40000" : {
      "Action" : 11,
      "Text" : "0x1f"
    },
    "0x32-0x40000" : {
      "Action" : 11,
      "Text" : "0x00"
    },
    "0xf709-0x20000" : {
      "Action" : 10,
      "Text" : "[17;2~"
    },
    "0xf70c-0x20000" : {
      "Action" : 10,
      "Text" : "[20;2~"
    },
    "0xf729-0x20000" : {
      "Action" : 10,
      "Text" : "[1;2H"
    },
    "0xf72b-0x40000" : {
      "Action" : 10,
      "Text" : "[1;5F"
    },
    "0xf705-0x20000" : {
      "Action" : 10,
      "Text" : "[1;2Q"
    },
    "0xf703-0x260000" : {
      "Action" : 10,
      "Text" : "[1;6C"
    },
    "0xf700-0x220000" : {
      "Action" : 10,
      "Text" : "[1;2A"
    },
    "0xf701-0x280000" : {
      "Action" : 11,
      "Text" : "0x1b 0x1b 0x5b 0x42"
    },
    "0x38-0x40000" : {
      "Action" : 11,
      "Text" : "0x7f"
    },
    "0x33-0x40000" : {
      "Action" : 11,
      "Text" : "0x1b"
    },
    "0xf703-0x220000" : {
      "Action" : 10,
      "Text" : "[1;2C"
    },
    "0xf701-0x240000" : {
      "Action" : 10,
      "Text" : "[1;5B"
    },
    "0xf70d-0x20000" : {
      "Action" : 10,
      "Text" : "[21;2~"
    },
    "0xf702-0x260000" : {
      "Action" : 10,
      "Text" : "[1;6D"
    },
    "0xf729-0x40000" : {
      "Action" : 10,
      "Text" : "[1;5H"
    },
    "0xf706-0x20000" : {
      "Action" : 10,
      "Text" : "[1;2R"
    },
    "0x34-0x40000" : {
      "Action" : 11,
      "Text" : "0x1c"
    },
    "0xf700-0x280000" : {
      "Action" : 11,
      "Text" : "0x1b 0x1b 0x5b 0x41"
    },
    "0x2d-0x40000" : {
      "Action" : 11,
      "Text" : "0x1f"
    },
    "0xf70e-0x20000" : {
      "Action" : 10,
      "Text" : "[23;2~"
    },
    "0xf702-0x220000" : {
      "Action" : 10,
      "Text" : "[1;2D"
    },
    "0xf703-0x280000" : {
      "Action" : 10,
      "Text" : "f"
    },
    "0xf700-0x240000" : {
      "Action" : 10,
      "Text" : "[1;5A"
    },
    "0xf707-0x20000" : {
      "Action" : 10,
      "Text" : "[1;2S"
    },
    "0xf70a-0x20000" : {
      "Action" : 10,
      "Text" : "[18;2~"
    },
    "0x35-0x40000" : {
      "Action" : 11,
      "Text" : "0x1d"
    },
    "0xf70f-0x20000" : {
      "Action" : 10,
      "Text" : "[24;2~"
    },
    "0xf703-0x240000" : {
      "Action" : 10,
      "Text" : "[1;5C"
    },
    "0xf701-0x260000" : {
      "Action" : 10,
      "Text" : "[1;6B"
    },
    "0xf702-0x280000" : {
      "Action" : 10,
      "Text" : "b"
    },
    "0xf72b-0x20000" : {
      "Action" : 10,
      "Text" : "[1;2F"
    },
    "0x36-0x40000" : {
      "Action" : 11,
      "Text" : "0x1e"
    },
    "0xf708-0x20000" : {
      "Action" : 10,
      "Text" : "[15;2~"
    },
    "0xf701-0x220000" : {
      "Action" : 10,
      "Text" : "[1;2B"
    },
    "0xf70b-0x20000" : {
      "Action" : 10,
      "Text" : "[19;2~"
    },
    "0xf702-0x240000" : {
      "Action" : 10,
      "Text" : "[1;5D"
    },
    "0xf704-0x20000" : {
      "Action" : 10,
      "Text" : "[1;2P"
    }
  },
  "Window Type" : 0,
  "Cursor Boost" : 0,
  "Cursor Type" : 1,
  "Background Image Location" : "",
  "Blur" : false,
  "Badge Color" : {
    "Red Component" : 1,
    "Color Space" : "Calibrated",
    "Blue Component" : 0,
    "Alpha Component" : 0.5,
    "Green Component" : 0
  },
  "Scrollback Lines" : 1000,
  "Send Code When Idle" : false,
  "Close Sessions On End" : true,